latitutde, longitude, pitch, roll
44.4606999,-93.1488549,-0.024119248613715172,0.048278018832206726
44.4606999,-93.1488549,-0.024119248613715172,0.048278018832206726
44.4606999,-93.1488549,-0.024119248613715172,0.048278018832206726
44.4606999,-93.1488549,-0.024119248613715172,0.048278018832206726
44.4607001,-93.148855,0.00205320306122303,0.23242425918579102
44.4607001,-93.148855,0.00205320306122303,0.23242425918579102
44.4607001,-93.148855,0.00205320306122303,0.23242425918579102
44.4607001,-93.148855,0.00205320306122303,0.23242425918579102
44.4607001,-93.148855,0.00205320306122303,0.23242425918579102
44.4607002,-93.148857,0.017991850152611732,0.2210981249809265
44.4607002,-93.148857,0.017991850152611732,0.2210981249809265
44.4607002,-93.148857,0.017991850152611732,0.2210981249809265
44.4607002,-93.148857,0.017991850152611732,0.2210981249809265
44.4607004,-93.148861,0.006085754372179508,0.03884163126349449
44.4607004,-93.148861,0.006085754372179508,0.03884163126349449
44.4607004,-93.148861,0.006085754372179508,0.03884163126349449
44.4607004,-93.148861,0.006085754372179508,0.03884163126349449
44.4607004,-93.148861,0.006085754372179508,0.03884163126349449
44.4607004,-93.148861,0.006085754372179508,0.03884163126349449
44.4607008,-93.1488656,0.04798521101474762,0.07571928948163986
44.4607008,-93.1488656,0.04798521101474762,0.07571928948163986
44.4607008,-93.1488656,0.04798521101474762,0.07571928948163986
44.4607008,-93.1488656,0.04798521101474762,0.07571928948163986
44.4607017,-93.1488709,0.04798521101474762,0.07571928948163986
44.4607017,-93.1488709,0.11444490402936935,0.15596550703048706
44.4607017,-93.1488709,0.11444490402936935,0.15596550703048706
44.4607017,-93.1488709,0.11444490402936935,0.15596550703048706
44.4607017,-93.1488709,0.11444490402936935,0.15596550703048706
44.4607017,-93.1488709,0.11444490402936935,0.15596550703048706
44.4607017,-93.1488709,0.11444490402936935,0.15596550703048706
44.4607017,-93.1488709,0.11444490402936935,0.15596550703048706
44.4607017,-93.1488709,0.11444490402936935,0.15596550703048706
44.4607031,-93.1488774,0.11613289266824722,0.1555936187505722
44.4607031,-93.1488774,0.11613289266824722,0.1555936187505722
44.4607052,-93.1488851,0.07552238553762436,0.142795130610466
44.4607052,-93.1488851,0.07552238553762436,0.142795130610466
44.4607052,-93.1488851,0.07552238553762436,0.142795130610466
44.4607052,-93.1488851,0.07552238553762436,0.142795130610466
44.460708,-93.1488945,0.07552238553762436,0.142795130610466
44.460708,-93.1488945,0.03599727898836136,0.1288861781358719
44.460708,-93.1488945,0.03599727898836136,0.1288861781358719
44.460708,-93.1488945,0.03599727898836136,0.1288861781358719
44.460708,-93.1488945,0.03599727898836136,0.1288861781358719
44.460708,-93.1488945,0.03599727898836136,0.1288861781358719
44.4607109,-93.148904,0.025456901639699936,0.12273786216974258
44.4607109,-93.148904,0.025456901639699936,0.12273786216974258
44.4607109,-93.148904,0.025456901639699936,0.12273786216974258
44.4607109,-93.148904,0.025456901639699936,0.12273786216974258
44.4607109,-93.148904,0.025456901639699936,0.12273786216974258
44.4607139,-93.1489143,-0.0017796587198972702,0.11840581893920898
44.4607139,-93.1489143,-0.0017796587198972702,0.11840581893920898
44.4607139,-93.1489143,-0.0017796587198972702,0.11840581893920898
44.4607168,-93.1489252,-0.05532275140285492,0.008243946358561516
44.4607168,-93.1489252,-0.05532275140285492,0.008243946358561516
44.4607168,-93.1489252,-0.05532275140285492,0.008243946358561516
44.4607168,-93.1489252,-0.05532275140285492,0.008243946358561516
44.4607168,-93.1489252,-0.05532275140285492,0.008243946358561516
44.4607168,-93.1489252,-0.05532275140285492,0.008243946358561516
44.4607193,-93.1489358,-0.07915513217449188,-0.24880406260490417
44.4607193,-93.1489358,-0.07915513217449188,-0.24880406260490417
44.4607193,-93.1489358,-0.07915513217449188,-0.24880406260490417
44.4607193,-93.1489358,-0.07915513217449188,-0.24880406260490417
44.4607193,-93.1489358,-0.07915513217449188,-0.24880406260490417
44.4607193,-93.1489358,-0.07915513217449188,-0.24880406260490417
44.4607213,-93.1489441,-0.0648110955953598,-0.3556416630744934
44.4607213,-93.1489441,-0.0648110955953598,-0.3556416630744934
44.4607213,-93.1489441,-0.0648110955953598,-0.3556416630744934
44.460723,-93.1489491,-0.03937355428934097,-0.33818694949150085
44.460723,-93.1489491,-0.03937355428934097,-0.33818694949150085
44.460723,-93.1489491,-0.03937355428934097,-0.33818694949150085
44.460723,-93.1489491,-0.03937355428934097,-0.33818694949150085
44.460723,-93.1489491,-0.03937355428934097,-0.33818694949150085
44.460723,-93.1489491,-0.03937355428934097,-0.33818694949150085
44.460723,-93.1489491,-0.03937355428934097,-0.33818694949150085
44.4607244,-93.1489511,-0.023849135264754295,-0.2994873523712158
44.4607244,-93.1489511,-0.023849135264754295,-0.2994873523712158
44.4607244,-93.1489511,-0.023849135264754295,-0.2994873523712158
44.4607244,-93.1489511,-0.023849135264754295,-0.2994873523712158
44.4607255,-93.1489503,-0.013687724247574806,-0.22553643584251404
44.4607255,-93.1489503,-0.013687724247574806,-0.22553643584251404
44.4607255,-93.1489503,-0.013687724247574806,-0.22553643584251404
44.4607255,-93.1489503,-0.013687724247574806,-0.22553643584251404
44.4607255,-93.1489503,-0.013687724247574806,-0.22553643584251404
44.4607255,-93.1489503,-0.013687724247574806,-0.22553643584251404
44.4607266,-93.1489474,-0.007214896380901337,-0.17568154633045197
44.4607266,-93.1489474,-0.007214896380901337,-0.17568154633045197
44.4607266,-93.1489474,-0.007214896380901337,-0.17568154633045197
44.4607273,-93.1489429,-0.007214896380901337,-0.17568154633045197
44.4607273,-93.1489429,-0.007214896380901337,-0.17568154633045197
44.4607273,-93.1489429,0.005093018524348736,-0.1573706865310669
44.4607273,-93.1489429,0.005093018524348736,-0.1573706865310669
44.4607273,-93.1489429,0.005093018524348736,-0.1573706865310669
44.4607273,-93.1489429,0.005093018524348736,-0.1573706865310669
44.4607281,-93.1489371,0.012057879939675331,-0.1603206992149353
44.4607281,-93.1489371,0.012057879939675331,-0.1603206992149353
44.4607281,-93.1489371,0.012057879939675331,-0.1603206992149353
44.4607281,-93.1489371,0.012057879939675331,-0.1603206992149353
44.4607281,-93.1489371,0.012057879939675331,-0.1603206992149353
44.4607288,-93.1489309,0.024135012179613113,-0.1727927029132843
44.4607288,-93.1489309,0.024135012179613113,-0.1727927029132843
44.4607288,-93.1489309,0.024135012179613113,-0.1727927029132843
44.4607288,-93.1489309,0.024135012179613113,-0.1727927029132843
44.4607288,-93.1489309,0.024135012179613113,-0.1727927029132843
44.4607298,-93.1489239,0.024135012179613113,-0.1727927029132843
44.4607298,-93.1489239,0.005229874514043331,-0.1763363778591156
44.4607298,-93.1489239,0.005229874514043331,-0.1763363778591156
44.4607298,-93.1489239,0.005229874514043331,-0.1763363778591156
44.4607298,-93.1489239,0.005229874514043331,-0.1763363778591156
44.4607309,-93.1489161,-0.00673458818346262,-0.11926168203353882
44.4607309,-93.1489161,-0.00673458818346262,-0.11926168203353882
44.4607309,-93.1489161,-0.00673458818346262,-0.11926168203353882
44.4607309,-93.1489161,-0.00673458818346262,-0.11926168203353882
44.4607309,-93.1489161,-0.00673458818346262,-0.11926168203353882
44.4607309,-93.1489161,-0.00673458818346262,-0.11926168203353882
44.460732,-93.1489075,0.003692522644996643,0.13680486381053925
44.460732,-93.1489075,0.003692522644996643,0.13680486381053925
44.460732,-93.1489075,0.003692522644996643,0.13680486381053925
44.4607332,-93.1489007,0.01775110699236393,0.3543217182159424
44.4607332,-93.1489007,0.01775110699236393,0.3543217182159424
44.4607332,-93.1489007,0.01775110699236393,0.3543217182159424
44.4607332,-93.1489007,0.01775110699236393,0.3543217182159424
44.4607332,-93.1489007,0.01775110699236393,0.3543217182159424
44.4607332,-93.1489007,0.01775110699236393,0.3543217182159424
44.4607344,-93.1488975,0.0092226043343544,0.3641495704650879
44.4607344,-93.1488975,0.0092226043343544,0.3641495704650879
44.4607344,-93.1488975,0.0092226043343544,0.3641495704650879
44.4607344,-93.1488975,0.0092226043343544,0.3641495704650879
44.4607357,-93.1488976,-0.018726717680692673,0.26211604475975037
44.4607357,-93.1488976,-0.018726717680692673,0.26211604475975037
44.4607357,-93.1488976,-0.018726717680692673,0.26211604475975037
44.4607357,-93.1488976,-0.018726717680692673,0.26211604475975037
44.4607357,-93.1488976,-0.018726717680692673,0.26211604475975037
44.4607357,-93.1488976,-0.018726717680692673,0.26211604475975037
44.4607372,-93.1489003,-0.028112972155213356,0.15109296143054962
44.4607372,-93.1489003,-0.028112972155213356,0.15109296143054962
44.4607372,-93.1489003,-0.028112972155213356,0.15109296143054962
44.4607372,-93.1489003,-0.028112972155213356,0.15109296143054962
44.4607388,-93.1489045,-0.028112972155213356,0.15109296143054962
44.4607388,-93.1489045,-0.028112972155213356,0.15109296143054962
44.4607388,-93.1489045,-0.03627750650048256,0.10152923315763474
44.4607388,-93.1489045,-0.03627750650048256,0.10152923315763474
44.4607388,-93.1489045,-0.03627750650048256,0.10152923315763474
44.4607388,-93.1489045,-0.03627750650048256,0.10152923315763474
44.4607388,-93.1489045,-0.03627750650048256,0.10152923315763474
44.4607388,-93.1489045,-0.03627750650048256,0.10152923315763474
44.4607388,-93.1489045,-0.03627750650048256,0.10152923315763474
44.4607388,-93.1489045,-0.03627750650048256,0.10152923315763474
44.4607388,-93.1489045,-0.03627750650048256,0.10152923315763474
44.4607426,-93.1489162,-0.0012612906284630299,0.09665729105472565
44.4607426,-93.1489162,-0.0012612906284630299,0.09665729105472565
44.4607426,-93.1489162,-0.0012612906284630299,0.09665729105472565
44.4607451,-93.1489237,-0.0012612906284630299,0.09665729105472565
44.4607451,-93.1489237,-0.0012612906284630299,0.09665729105472565
44.4607451,-93.1489237,-0.0012612906284630299,0.09665729105472565
44.4607451,-93.1489237,0.01655486598610878,0.08705197274684906
44.4607451,-93.1489237,0.01655486598610878,0.08705197274684906
44.4607451,-93.1489237,0.01655486598610878,0.08705197274684906
44.460748,-93.1489311,0.022069891914725304,0.07888861745595932
44.460748,-93.1489311,0.022069891914725304,0.07888861745595932
44.460748,-93.1489311,0.022069891914725304,0.07888861745595932
44.460748,-93.1489311,0.022069891914725304,0.07888861745595932
44.460748,-93.1489311,0.022069891914725304,0.07888861745595932
44.460748,-93.1489311,0.022069891914725304,0.07888861745595932
44.460748,-93.1489311,0.022069891914725304,0.07888861745595932
44.460748,-93.1489311,0.022069891914725304,0.07888861745595932
44.460748,-93.1489311,0.022069891914725304,0.07888861745595932
44.460748,-93.1489311,0.022069891914725304,0.07888861745595932
44.4607512,-93.1489387,0.015507975593209267,0.09128455817699432
44.4607512,-93.1489387,0.015507975593209267,0.09128455817699432
44.4607512,-93.1489387,0.015507975593209267,0.09128455817699432
44.4607512,-93.1489387,0.015507975593209267,0.09128455817699432
44.4607512,-93.1489387,0.015507975593209267,0.09128455817699432
44.4607512,-93.1489387,0.015507975593209267,0.09128455817699432
44.4607512,-93.1489387,0.015507975593209267,0.09128455817699432
44.4607585,-93.1489547,0.01763446442782879,0.09771119803190231
44.4607585,-93.1489547,0.01763446442782879,0.09771119803190231
44.4607585,-93.1489547,0.01763446442782879,0.09771119803190231
44.4607585,-93.1489547,0.01763446442782879,0.09771119803190231
44.4607625,-93.148963,0.02330072969198227,0.11454018950462341
44.4607625,-93.148963,0.02330072969198227,0.11454018950462341
44.4607625,-93.148963,0.02330072969198227,0.11454018950462341
44.4607625,-93.148963,0.02330072969198227,0.11454018950462341
44.4607625,-93.148963,0.02330072969198227,0.11454018950462341
44.4607625,-93.148963,0.02330072969198227,0.11454018950462341
44.4607667,-93.1489718,0.01051325909793377,0.13300900161266327
44.4607667,-93.1489718,0.01051325909793377,0.13300900161266327
44.4607667,-93.1489718,0.01051325909793377,0.13300900161266327
44.460771,-93.1489811,-0.021351009607315063,0.15675906836986542
44.460771,-93.1489811,-0.021351009607315063,0.15675906836986542
44.460771,-93.1489811,-0.021351009607315063,0.15675906836986542
44.460771,-93.1489811,-0.021351009607315063,0.15675906836986542
44.460771,-93.1489811,-0.021351009607315063,0.15675906836986542
44.4607751,-93.1489911,-0.03995417430996895,0.17666083574295044
44.4607751,-93.1489911,-0.03995417430996895,0.17666083574295044
44.4607751,-93.1489911,-0.03995417430996895,0.17666083574295044
44.4607751,-93.1489911,-0.03995417430996895,0.17666083574295044
44.4607751,-93.1489911,-0.03995417430996895,0.17666083574295044
44.4607751,-93.1489911,-0.03995417430996895,0.17666083574295044
44.4607788,-93.1490021,-0.04369039461016655,0.17563600838184357
44.4607788,-93.1490021,-0.04369039461016655,0.17563600838184357
44.4607788,-93.1490021,-0.04369039461016655,0.17563600838184357
44.4607788,-93.1490021,-0.04369039461016655,0.17563600838184357
44.4607819,-93.1490139,-0.04369039461016655,0.17563600838184357
44.4607819,-93.1490139,-0.04250071942806244,0.15779298543930054
44.4607819,-93.1490139,-0.04250071942806244,0.15779298543930054
44.4607819,-93.1490139,-0.04250071942806244,0.15779298543930054
44.4607819,-93.1490139,-0.04250071942806244,0.15779298543930054
44.4607849,-93.1490277,-0.03844265639781952,0.1442224383354187
44.4607849,-93.1490277,-0.03844265639781952,0.1442224383354187
44.4607849,-93.1490277,-0.03844265639781952,0.1442224383354187
44.4607849,-93.1490277,-0.03844265639781952,0.1442224383354187
44.4607849,-93.1490277,-0.03844265639781952,0.1442224383354187
44.4607849,-93.1490277,-0.03844265639781952,0.1442224383354187
44.4607871,-93.1490411,-0.05488432198762894,0.14132864773273468
44.4607871,-93.1490411,-0.05488432198762894,0.14132864773273468
44.4607871,-93.1490411,-0.05488432198762894,0.14132864773273468
44.4607888,-93.1490549,-0.05488432198762894,0.14132864773273468
44.4607888,-93.1490549,-0.05488432198762894,0.14132864773273468
44.4607888,-93.1490549,-0.05488432198762894,0.14132864773273468
44.4607888,-93.1490549,-0.08621694892644882,0.13303059339523315
44.4607888,-93.1490549,-0.08621694892644882,0.13303059339523315
44.4607888,-93.1490549,-0.08621694892644882,0.13303059339523315
44.4607888,-93.1490549,-0.08621694892644882,0.13303059339523315
44.4607897,-93.1490676,-0.12600183486938477,0.01379536371678114
44.4607897,-93.1490676,-0.12600183486938477,0.01379536371678114
44.4607897,-93.1490676,-0.12600183486938477,0.01379536371678114
44.4607902,-93.1490806,-0.12600183486938477,0.01379536371678114
44.4607902,-93.1490806,-0.12600183486938477,0.01379536371678114
44.4607902,-93.1490806,-0.14683222770690918,-0.10533861815929413
44.4607902,-93.1490806,-0.14683222770690918,-0.10533861815929413
44.4607902,-93.1490806,-0.14683222770690918,-0.10533861815929413
44.4607907,-93.1490919,-0.12705792486667633,-0.10518819093704224
44.4607907,-93.1490919,-0.12705792486667633,-0.10518819093704224
44.4607907,-93.1490919,-0.12705792486667633,-0.10518819093704224
44.4607907,-93.1490919,-0.12705792486667633,-0.10518819093704224
44.4607907,-93.1490919,-0.12705792486667633,-0.10518819093704224
44.4607907,-93.1490919,-0.12705792486667633,-0.10518819093704224
44.4607914,-93.1491016,-0.09683631360530853,0.052286162972450256
44.4607914,-93.1491016,-0.09683631360530853,0.052286162972450256
44.4607914,-93.1491016,-0.09683631360530853,0.052286162972450256
44.4607914,-93.1491016,-0.09683631360530853,0.052286162972450256
44.4607914,-93.1491016,-0.09683631360530853,0.052286162972450256
44.4607917,-93.1491109,-0.0723349004983902,0.25286564230918884
44.4607917,-93.1491109,-0.0723349004983902,0.25286564230918884
44.4607917,-93.1491109,-0.0723349004983902,0.25286564230918884
44.4607917,-93.1491109,-0.0723349004983902,0.25286564230918884
44.4607907,-93.1491208,-0.07361848652362823,0.24679958820343018
44.4607907,-93.1491208,-0.07361848652362823,0.24679958820343018
44.4607907,-93.1491208,-0.07361848652362823,0.24679958820343018
44.4607907,-93.1491208,-0.07361848652362823,0.24679958820343018
44.4607888,-93.1491314,-0.07361848652362823,0.24679958820343018
44.4607888,-93.1491314,-0.07361848652362823,0.24679958820343018
44.4607888,-93.1491314,-0.08125700056552887,0.19702152907848358
44.4607888,-93.1491314,-0.08125700056552887,0.19702152907848358
44.4607888,-93.1491314,-0.08125700056552887,0.19702152907848358
44.4607888,-93.1491314,-0.08125700056552887,0.19702152907848358
44.4607859,-93.1491425,-0.08342304080724716,0.13678668439388275
44.4607859,-93.1491425,-0.08342304080724716,0.13678668439388275
44.4607859,-93.1491425,-0.08342304080724716,0.13678668439388275
44.4607859,-93.1491425,-0.08342304080724716,0.13678668439388275
44.4607859,-93.1491425,-0.08342304080724716,0.13678668439388275
44.4607822,-93.1491539,-0.10502737015485764,0.013132104650139809
44.4607822,-93.1491539,-0.10502737015485764,0.013132104650139809
44.4607822,-93.1491539,-0.10502737015485764,0.013132104650139809
44.4607822,-93.1491539,-0.10502737015485764,0.013132104650139809
44.4607781,-93.1491658,-0.10502737015485764,0.013132104650139809
44.4607781,-93.1491658,-0.10502737015485764,0.013132104650139809
44.4607781,-93.1491658,-0.11692781746387482,-0.17794738709926605
44.4607781,-93.1491658,-0.11692781746387482,-0.17794738709926605
44.4607781,-93.1491658,-0.11692781746387482,-0.17794738709926605
44.4607781,-93.1491658,-0.11692781746387482,-0.17794738709926605
44.4607749,-93.1491752,-0.10847104340791702,-0.1754581481218338
44.4607749,-93.1491752,-0.10847104340791702,-0.1754581481218338
44.4607749,-93.1491752,-0.10847104340791702,-0.1754581481218338
44.4607749,-93.1491752,-0.10847104340791702,-0.1754581481218338
44.4607749,-93.1491752,-0.10847104340791702,-0.1754581481218338
44.4607749,-93.1491752,-0.10847104340791702,-0.1754581481218338
44.4607725,-93.1491829,-0.10281696915626526,-0.12764430046081543
44.4607725,-93.1491829,-0.10281696915626526,-0.12764430046081543
44.4607725,-93.1491829,-0.10281696915626526,-0.12764430046081543
44.4607725,-93.1491829,-0.10281696915626526,-0.12764430046081543
44.4607725,-93.1491829,-0.10281696915626526,-0.12764430046081543
44.4607707,-93.1491893,-0.09733273833990097,-0.13189543783664703
44.4607707,-93.1491893,-0.09733273833990097,-0.13189543783664703
44.4607707,-93.1491893,-0.09733273833990097,-0.13189543783664703
44.4607707,-93.1491893,-0.09733273833990097,-0.13189543783664703
44.4607695,-93.1491945,-0.09733273833990097,-0.13189543783664703
44.4607695,-93.1491945,-0.10625970363616943,-0.07601811736822128
44.4607695,-93.1491945,-0.10625970363616943,-0.07601811736822128
44.4607695,-93.1491945,-0.10625970363616943,-0.07601811736822128
44.4607695,-93.1491945,-0.10625970363616943,-0.07601811736822128
44.4607687,-93.1491987,-0.10625970363616943,-0.07601811736822128
44.4607687,-93.1491987,-0.10625970363616943,-0.07601811736822128
44.4607687,-93.1491987,-0.10571824759244919,-0.05171837657690048
44.4607687,-93.1491987,-0.10571824759244919,-0.05171837657690048
44.4607687,-93.1491987,-0.10571824759244919,-0.05171837657690048
44.4607687,-93.1491987,-0.10571824759244919,-0.05171837657690048
44.4607687,-93.1491987,-0.10571824759244919,-0.05171837657690048
44.4607682,-93.1492021,-0.09248152375221252,-0.1838419884443283
44.4607682,-93.1492021,-0.09248152375221252,-0.1838419884443283
44.4607682,-93.1492021,-0.09248152375221252,-0.1838419884443283
44.4607684,-93.1492042,-0.09618217498064041,-0.25852662324905396
44.4607684,-93.1492042,-0.09618217498064041,-0.25852662324905396
44.4607684,-93.1492042,-0.09618217498064041,-0.25852662324905396
44.4607684,-93.1492042,-0.09618217498064041,-0.25852662324905396
44.4607696,-93.1492046,-0.09624602645635605,-0.20231018960475922
44.4607696,-93.1492046,-0.09624602645635605,-0.20231018960475922
44.4607696,-93.1492046,-0.09624602645635605,-0.20231018960475922
44.4607696,-93.1492046,-0.09624602645635605,-0.20231018960475922
44.4607696,-93.1492046,-0.09624602645635605,-0.20231018960475922
44.4607696,-93.1492046,-0.09624602645635605,-0.20231018960475922
44.4607717,-93.1492038,-0.09581321477890015,-0.16549044847488403
44.4607717,-93.1492038,-0.09581321477890015,-0.16549044847488403
44.4607717,-93.1492038,-0.09581321477890015,-0.16549044847488403
44.4607717,-93.1492038,-0.09581321477890015,-0.16549044847488403
44.4607744,-93.1492018,-0.09282241016626358,-0.0067145125940442085
44.4607744,-93.1492018,-0.09282241016626358,-0.0067145125940442085
44.4607744,-93.1492018,-0.09282241016626358,-0.0067145125940442085
44.4607744,-93.1492018,-0.09282241016626358,-0.0067145125940442085
44.4607744,-93.1492018,-0.09282241016626358,-0.0067145125940442085
44.4607744,-93.1492018,-0.09282241016626358,-0.0067145125940442085
44.4607744,-93.1492018,-0.09282241016626358,-0.0067145125940442085
44.4607769,-93.1491994,-0.08935857564210892,0.1931305229663849
44.4607769,-93.1491994,-0.08935857564210892,0.1931305229663849
44.4607769,-93.1491994,-0.08935857564210892,0.1931305229663849
44.4607769,-93.1491994,-0.08935857564210892,0.1931305229663849
44.4607784,-93.1491978,-0.08623439073562622,0.18844476342201233
44.4607784,-93.1491978,-0.08623439073562622,0.18844476342201233
44.4607784,-93.1491978,-0.08623439073562622,0.18844476342201233
44.4607784,-93.1491978,-0.08623439073562622,0.18844476342201233
44.4607787,-93.1491973,-0.07037734240293503,0.10280926525592804
44.4607787,-93.1491973,-0.07037734240293503,0.10280926525592804
44.4607787,-93.1491973,-0.07037734240293503,0.10280926525592804
44.4607787,-93.1491973,-0.07037734240293503,0.10280926525592804
44.4607787,-93.1491973,-0.07037734240293503,0.10280926525592804
44.4607787,-93.1491973,-0.07037734240293503,0.10280926525592804
44.4607785,-93.1491973,-0.0012034489773213863,0.0068360804580152035
44.4607785,-93.1491973,-0.0012034489773213863,0.0068360804580152035
44.4607785,-93.1491973,-0.0012034489773213863,0.0068360804580152035
44.4607785,-93.1491973,-0.0012034489773213863,0.0068360804580152035
44.4607785,-93.1491973,-0.0012034489773213863,0.0068360804580152035
44.4607784,-93.1491979,-0.0012034489773213863,0.0068360804580152035
44.4607784,-93.1491979,0.043083228170871735,-0.030205421149730682
44.4607784,-93.1491979,0.043083228170871735,-0.030205421149730682
44.4607784,-93.1491979,0.043083228170871735,-0.030205421149730682
44.4607784,-93.1491979,0.043083228170871735,-0.030205421149730682
44.4607787,-93.1491991,0.031161248683929443,-0.03457392379641533
44.4607787,-93.1491991,0.031161248683929443,-0.03457392379641533
44.4607787,-93.1491991,0.031161248683929443,-0.03457392379641533
44.4607787,-93.1491991,0.031161248683929443,-0.03457392379641533
44.4607787,-93.1491991,0.031161248683929443,-0.03457392379641533
44.4607795,-93.1492006,0.14121979475021362,-0.003521268256008625
44.4607795,-93.1492006,0.14121979475021362,-0.003521268256008625
44.4607795,-93.1492006,0.14121979475021362,-0.003521268256008625
44.4607795,-93.1492006,0.14121979475021362,-0.003521268256008625
44.460781,-93.1492031,0.1556636393070221,0.020770572125911713
44.460781,-93.1492031,0.1556636393070221,0.020770572125911713
44.460781,-93.1492031,0.1556636393070221,0.020770572125911713
44.460781,-93.1492031,0.1556636393070221,0.020770572125911713
44.460781,-93.1492031,0.1556636393070221,0.020770572125911713
44.460781,-93.1492031,0.1556636393070221,0.020770572125911713
44.4607832,-93.149207,0.02906106784939766,0.007977094501256943
44.4607832,-93.149207,0.02906106784939766,0.007977094501256943
44.4607832,-93.149207,0.02906106784939766,0.007977094501256943
44.4607856,-93.1492111,0.02906106784939766,0.007977094501256943
44.4607856,-93.1492111,0.02906106784939766,0.007977094501256943
44.4607856,-93.1492111,-0.16120916604995728,-0.015417938120663166
44.4607856,-93.1492111,-0.16120916604995728,-0.015417938120663166
44.4607856,-93.1492111,-0.16120916604995728,-0.015417938120663166
44.4607856,-93.1492111,-0.16120916604995728,-0.015417938120663166
44.4607876,-93.1492142,-0.2330339550971985,0.05205255746841431
44.4607876,-93.1492142,-0.2330339550971985,0.05205255746841431
44.4607876,-93.1492142,-0.2330339550971985,0.05205255746841431
44.4607876,-93.1492142,-0.2330339550971985,0.05205255746841431
44.4607876,-93.1492142,-0.2330339550971985,0.05205255746841431
44.4607887,-93.1492162,-0.18949013948440552,0.25771021842956543
44.4607887,-93.1492162,-0.18949013948440552,0.25771021842956543
44.4607887,-93.1492162,-0.18949013948440552,0.25771021842956543
44.4607887,-93.1492162,-0.18949013948440552,0.25771021842956543
44.4607887,-93.1492162,-0.18949013948440552,0.25771021842956543
44.4607879,-93.1492185,-0.18949013948440552,0.25771021842956543
44.4607879,-93.1492185,-0.0749024972319603,0.2950628101825714
44.4607879,-93.1492185,-0.0749024972319603,0.2950628101825714
44.4607879,-93.1492185,-0.0749024972319603,0.2950628101825714
44.4607879,-93.1492185,-0.0749024972319603,0.2950628101825714
44.4607879,-93.1492185,-0.0749024972319603,0.2950628101825714
44.4607879,-93.1492185,-0.0749024972319603,0.2950628101825714
44.4607856,-93.1492219,0.0006265677511692047,0.2278214544057846
44.4607856,-93.1492219,0.0006265677511692047,0.2278214544057846
44.4607856,-93.1492219,0.0006265677511692047,0.2278214544057846
44.4607825,-93.1492265,0.003671422600746155,0.1598949283361435
44.4607825,-93.1492265,0.003671422600746155,0.1598949283361435
44.4607825,-93.1492265,0.003671422600746155,0.1598949283361435
44.4607825,-93.1492265,0.003671422600746155,0.1598949283361435
44.460779,-93.1492322,-0.02088138274848461,-0.036197517067193985
44.460779,-93.1492322,-0.02088138274848461,-0.036197517067193985
44.460779,-93.1492322,-0.02088138274848461,-0.036197517067193985
44.460779,-93.1492322,-0.02088138274848461,-0.036197517067193985
44.460779,-93.1492322,-0.02088138274848461,-0.036197517067193985
44.460779,-93.1492322,-0.02088138274848461,-0.036197517067193985
44.460779,-93.1492322,-0.02088138274848461,-0.036197517067193985
44.4607757,-93.1492379,-0.05090202018618584,-0.31305283308029175
44.4607757,-93.1492379,-0.05090202018618584,-0.31305283308029175
44.4607739,-93.1492419,-0.05090202018618584,-0.31305283308029175
44.4607739,-93.1492419,-0.05090202018618584,-0.31305283308029175
44.4607739,-93.1492419,-0.07815323024988174,-0.34747597575187683
44.4607739,-93.1492419,-0.07815323024988174,-0.34747597575187683
44.4607739,-93.1492419,-0.07815323024988174,-0.34747597575187683
44.4607739,-93.1492419,-0.07815323024988174,-0.34747597575187683
44.4607736,-93.1492437,-0.07335712015628815,-0.329410582780838
44.4607736,-93.1492437,-0.07335712015628815,-0.329410582780838
44.4607736,-93.1492437,-0.07335712015628815,-0.329410582780838
44.4607736,-93.1492437,-0.07335712015628815,-0.329410582780838
44.4607736,-93.1492437,-0.07335712015628815,-0.329410582780838
44.4607736,-93.1492437,-0.07335712015628815,-0.329410582780838
44.4607746,-93.1492433,-0.06516942381858826,-0.260893315076828
44.4607746,-93.1492433,-0.06516942381858826,-0.260893315076828
44.4607746,-93.1492433,-0.06516942381858826,-0.260893315076828
44.4607746,-93.1492433,-0.06516942381858826,-0.260893315076828
44.4607768,-93.1492411,-0.051761917769908905,-0.16691939532756805
44.4607768,-93.1492411,-0.051761917769908905,-0.16691939532756805
44.4607768,-93.1492411,-0.051761917769908905,-0.16691939532756805
44.4607768,-93.1492411,-0.051761917769908905,-0.16691939532756805
44.4607768,-93.1492411,-0.051761917769908905,-0.16691939532756805
44.4607768,-93.1492411,-0.051761917769908905,-0.16691939532756805
44.4607798,-93.1492376,-0.030485404655337334,-0.07238281518220901
44.4607798,-93.1492376,-0.030485404655337334,-0.07238281518220901
44.4607798,-93.1492376,-0.030485404655337334,-0.07238281518220901
44.4607798,-93.1492376,-0.030485404655337334,-0.07238281518220901
44.4607832,-93.1492339,-0.030485404655337334,-0.07238281518220901
44.4607832,-93.1492339,-0.018917609006166458,0.133257195353508
44.4607832,-93.1492339,-0.018917609006166458,0.133257195353508
44.4607832,-93.1492339,-0.018917609006166458,0.133257195353508
44.4607832,-93.1492339,-0.018917609006166458,0.133257195353508
44.4607832,-93.1492339,-0.018917609006166458,0.133257195353508
44.4607862,-93.1492308,-0.04253228381276131,0.21326673030853271
44.4607862,-93.1492308,-0.04253228381276131,0.21326673030853271
44.4607862,-93.1492308,-0.04253228381276131,0.21326673030853271
44.4607862,-93.1492308,-0.04253228381276131,0.21326673030853271
44.4607862,-93.1492308,-0.04253228381276131,0.21326673030853271
44.4607862,-93.1492308,-0.04253228381276131,0.21326673030853271
44.4607878,-93.1492291,-0.054581157863140106,0.1799100786447525
44.4607878,-93.1492291,-0.054581157863140106,0.1799100786447525
44.4607878,-93.1492291,-0.054581157863140106,0.1799100786447525
44.4607884,-93.1492283,-0.054581157863140106,0.1799100786447525
44.4607884,-93.1492283,-0.054581157863140106,0.1799100786447525
44.4607884,-93.1492283,-0.049156419932842255,0.11242682486772537
44.4607884,-93.1492283,-0.049156419932842255,0.11242682486772537
44.4607884,-93.1492283,-0.049156419932842255,0.11242682486772537
44.4607884,-93.1492283,-0.049156419932842255,0.11242682486772537
44.4607885,-93.1492281,-0.040834587067365646,0.042659856379032135
44.4607885,-93.1492281,-0.040834587067365646,0.042659856379032135
44.4607885,-93.1492281,-0.040834587067365646,0.042659856379032135
44.4607885,-93.1492281,-0.040834587067365646,0.042659856379032135
44.4607885,-93.1492281,-0.040834587067365646,0.042659856379032135
44.4607883,-93.1492282,-0.041309356689453125,-0.004260741174221039
44.4607883,-93.1492282,-0.041309356689453125,-0.004260741174221039
44.4607883,-93.1492282,-0.041309356689453125,-0.004260741174221039
44.4607883,-93.1492282,-0.041309356689453125,-0.004260741174221039
44.4607883,-93.1492282,-0.041309356689453125,-0.004260741174221039
44.4607882,-93.1492283,-0.045789044350385666,-0.017093122005462646
44.4607882,-93.1492283,-0.045789044350385666,-0.017093122005462646
44.4607882,-93.1492283,-0.045789044350385666,-0.017093122005462646
44.4607882,-93.1492283,-0.045789044350385666,-0.017093122005462646
44.460788,-93.1492284,-0.04180926829576492,-0.01675504446029663
44.460788,-93.1492284,-0.04180926829576492,-0.01675504446029663
44.460788,-93.1492284,-0.04180926829576492,-0.01675504446029663
44.460788,-93.1492284,-0.04180926829576492,-0.01675504446029663
44.460788,-93.1492285,-0.04180926829576492,-0.01675504446029663
44.460788,-93.1492285,-0.04180926829576492,-0.01675504446029663
44.460788,-93.1492285,-0.050777725875377655,-0.02074504643678665
44.460788,-93.1492285,-0.050777725875377655,-0.02074504643678665
44.460788,-93.1492285,-0.050777725875377655,-0.02074504643678665
44.460788,-93.1492285,-0.050777725875377655,-0.02074504643678665
44.4607881,-93.1492285,-0.05137248709797859,-0.014843984507024288
44.4607881,-93.1492285,-0.05137248709797859,-0.014843984507024288
44.4607881,-93.1492285,-0.05137248709797859,-0.014843984507024288
44.4607881,-93.1492285,-0.05137248709797859,-0.014843984507024288
44.4607881,-93.1492285,-0.05137248709797859,-0.014843984507024288
44.4607881,-93.1492285,-0.05137248709797859,-0.014843984507024288
44.4607883,-93.1492285,-0.054429396986961365,-0.006117414683103561
44.4607883,-93.1492285,-0.054429396986961365,-0.006117414683103561
44.4607883,-93.1492285,-0.054429396986961365,-0.006117414683103561
44.4607885,-93.1492283,-0.054429396986961365,-0.006117414683103561
44.4607885,-93.1492283,-0.054429396986961365,-0.006117414683103561
44.4607885,-93.1492283,-0.05323667824268341,0.011388832703232765
44.4607885,-93.1492283,-0.05323667824268341,0.011388832703232765
44.4607885,-93.1492283,-0.05323667824268341,0.011388832703232765
44.4607885,-93.1492283,-0.05323667824268341,0.011388832703232765
44.4607885,-93.1492283,-0.05323667824268341,0.011388832703232765
44.4607887,-93.1492283,-0.06076858192682266,0.017677338793873787
44.4607887,-93.1492283,-0.06076858192682266,0.017677338793873787
44.4607887,-93.1492283,-0.06076858192682266,0.017677338793873787
44.4607887,-93.1492283,-0.06076858192682266,0.017677338793873787
44.4607887,-93.1492283,-0.06076858192682266,0.017677338793873787
44.4607888,-93.1492283,-0.06032862141728401,0.010854927822947502
44.4607888,-93.1492283,-0.06032862141728401,0.010854927822947502
44.4607888,-93.1492283,-0.06032862141728401,0.010854927822947502
44.4607888,-93.1492283,-0.06032862141728401,0.010854927822947502
44.4607889,-93.1492285,-0.06032862141728401,0.010854927822947502
44.4607889,-93.1492285,-0.06375964730978012,0.00613416125997901
44.4607889,-93.1492285,-0.06375964730978012,0.00613416125997901
44.4607889,-93.1492285,-0.06375964730978012,0.00613416125997901
44.4607889,-93.1492285,-0.06375964730978012,0.00613416125997901
44.4607889,-93.1492285,-0.05958983302116394,0.007616003509610891
44.4607889,-93.1492285,-0.05958983302116394,0.007616003509610891
44.4607889,-93.1492285,-0.05958983302116394,0.007616003509610891
44.4607889,-93.1492285,-0.05958983302116394,0.007616003509610891
44.4607888,-93.1492286,-0.05783597752451897,0.010931766591966152
44.4607888,-93.1492286,-0.05783597752451897,0.010931766591966152
44.4607888,-93.1492286,-0.05783597752451897,0.010931766591966152
44.4607888,-93.1492286,-0.05783597752451897,0.010931766591966152
44.4607888,-93.1492286,-0.05783597752451897,0.010931766591966152
44.4607888,-93.1492286,-0.05783597752451897,0.010931766591966152
44.4607887,-93.1492289,-0.05602097511291504,-0.010446223430335522
44.4607887,-93.1492289,-0.05602097511291504,-0.010446223430335522
44.4607887,-93.1492289,-0.05602097511291504,-0.010446223430335522
44.4607887,-93.1492289,-0.05602097511291504,-0.010446223430335522
44.4607887,-93.1492291,-0.05602097511291504,-0.010446223430335522
44.4607887,-93.1492291,-0.06314339488744736,0.004057999700307846
44.4607887,-93.1492291,-0.06314339488744736,0.004057999700307846
44.4607887,-93.1492291,-0.06314339488744736,0.004057999700307846
44.4607887,-93.1492291,-0.06314339488744736,0.004057999700307846
44.4607885,-93.1492293,-0.06700265407562256,0.19966807961463928
44.4607885,-93.1492293,-0.06700265407562256,0.19966807961463928
44.4607885,-93.1492293,-0.06700265407562256,0.19966807961463928
44.4607885,-93.1492293,-0.06700265407562256,0.19966807961463928
44.4607885,-93.1492293,-0.06700265407562256,0.19966807961463928
44.4607885,-93.1492293,-0.06700265407562256,0.19966807961463928
44.4607873,-93.1492303,-0.05335831269621849,0.22918382287025452
44.4607873,-93.1492303,-0.05335831269621849,0.22918382287025452
44.4607873,-93.1492303,-0.05335831269621849,0.22918382287025452
44.460785,-93.1492326,-0.05335831269621849,0.22918382287025452
44.460785,-93.1492326,-0.05335831269621849,0.22918382287025452
44.460785,-93.1492326,-0.04253991320729256,0.0041562411934137344
44.460785,-93.1492326,-0.04253991320729256,0.0041562411934137344
44.460785,-93.1492326,-0.04253991320729256,0.0041562411934137344
44.460785,-93.1492326,-0.04253991320729256,0.0041562411934137344
44.4607827,-93.1492351,-0.04253991320729256,0.0041562411934137344
44.4607827,-93.1492351,-0.023958738893270493,0.04483285918831825
44.4607827,-93.1492351,-0.023958738893270493,0.04483285918831825
44.4607827,-93.1492351,-0.023958738893270493,0.04483285918831825
44.4607805,-93.1492376,-0.023958738893270493,0.04483285918831825
44.4607805,-93.1492376,-0.023958738893270493,0.04483285918831825
44.4607805,-93.1492376,-0.010587725788354874,0.18379124999046326
44.4607805,-93.1492376,-0.010587725788354874,0.18379124999046326
44.4607805,-93.1492376,-0.010587725788354874,0.18379124999046326
44.4607805,-93.1492376,-0.010587725788354874,0.18379124999046326
44.4607776,-93.1492414,-0.010587725788354874,0.18379124999046326
44.4607776,-93.1492414,-0.01855175942182541,0.21061143279075623
44.4607776,-93.1492414,-0.01855175942182541,0.21061143279075623
44.4607776,-93.1492414,-0.01855175942182541,0.21061143279075623
44.4607776,-93.1492414,-0.01855175942182541,0.21061143279075623
44.4607776,-93.1492414,-0.01855175942182541,0.21061143279075623
44.4607738,-93.1492467,-0.03687184303998947,0.09907443076372147
44.4607738,-93.1492467,-0.03687184303998947,0.09907443076372147
44.4607738,-93.1492467,-0.03687184303998947,0.09907443076372147
44.4607738,-93.1492467,-0.03687184303998947,0.09907443076372147
44.4607701,-93.1492517,-0.03687184303998947,0.09907443076372147
44.4607701,-93.1492517,-0.05438690260052681,-0.10476071387529373
44.4607701,-93.1492517,-0.05438690260052681,-0.10476071387529373
44.4607701,-93.1492517,-0.05438690260052681,-0.10476071387529373
44.4607701,-93.1492517,-0.05438690260052681,-0.10476071387529373
44.4607701,-93.1492517,-0.05438690260052681,-0.10476071387529373
44.4607667,-93.1492563,-0.05041235312819481,-0.17138603329658508
44.4607667,-93.1492563,-0.05041235312819481,-0.17138603329658508
44.4607667,-93.1492563,-0.05041235312819481,-0.17138603329658508
44.460764,-93.1492597,-0.05041235312819481,-0.17138603329658508
44.460764,-93.1492597,-0.05041235312819481,-0.17138603329658508
44.460764,-93.1492597,-0.05041235312819481,-0.17138603329658508
44.460764,-93.1492597,-0.04238712787628174,-0.1443927139043808
44.460764,-93.1492597,-0.04238712787628174,-0.1443927139043808
44.460764,-93.1492597,-0.04238712787628174,-0.1443927139043808
44.460762,-93.1492621,-0.037413932383060455,-0.10850042849779129
44.460762,-93.1492621,-0.037413932383060455,-0.10850042849779129
44.460762,-93.1492621,-0.037413932383060455,-0.10850042849779129
44.460762,-93.1492621,-0.037413932383060455,-0.10850042849779129
44.460762,-93.1492621,-0.037413932383060455,-0.10850042849779129
44.460762,-93.1492621,-0.037413932383060455,-0.10850042849779129
44.4607607,-93.1492636,-0.037413932383060455,-0.10850042849779129
44.4607607,-93.1492636,-0.022282294929027557,-0.08715693652629852
44.4607607,-93.1492636,-0.022282294929027557,-0.08715693652629852
44.46076,-93.1492644,-0.014290373772382736,-0.08053458482027054
44.46076,-93.1492644,-0.014290373772382736,-0.08053458482027054
44.46076,-93.1492644,-0.014290373772382736,-0.08053458482027054
44.46076,-93.1492644,-0.014290373772382736,-0.08053458482027054
44.46076,-93.1492644,-0.014290373772382736,-0.08053458482027054
44.46076,-93.1492644,-0.014290373772382736,-0.08053458482027054
44.4607597,-93.1492646,-0.00999450869858265,-0.03216756507754326
44.4607597,-93.1492646,-0.00999450869858265,-0.03216756507754326
44.4607597,-93.1492646,-0.00999450869858265,-0.03216756507754326
44.4607597,-93.1492646,-0.00999450869858265,-0.03216756507754326
44.4607599,-93.1492644,-0.012832257896661758,0.02008173242211342
44.4607599,-93.1492644,-0.012832257896661758,0.02008173242211342
44.4607599,-93.1492644,-0.012832257896661758,0.02008173242211342
44.4607599,-93.1492644,-0.012832257896661758,0.02008173242211342
44.4607599,-93.1492644,-0.012832257896661758,0.02008173242211342
44.4607603,-93.1492643,-0.012832257896661758,0.02008173242211342
44.4607603,-93.1492643,-0.03232724964618683,0.05278877168893814
44.4607603,-93.1492643,-0.03232724964618683,0.05278877168893814
44.4607603,-93.1492643,-0.03232724964618683,0.05278877168893814
44.4607605,-93.1492644,-0.04676789790391922,0.051668304949998856
44.4607605,-93.1492644,-0.04676789790391922,0.051668304949998856
44.4607605,-93.1492644,-0.04676789790391922,0.051668304949998856
44.4607605,-93.1492644,-0.04676789790391922,0.051668304949998856
44.4607605,-93.1492644,-0.04676789790391922,0.051668304949998856
44.4607605,-93.1492644,-0.04676789790391922,0.051668304949998856
44.4607604,-93.1492647,-0.045890554785728455,0.01936332881450653
44.4607604,-93.1492647,-0.045890554785728455,0.01936332881450653
44.4607604,-93.1492647,-0.045890554785728455,0.01936332881450653
44.4607604,-93.1492647,-0.045890554785728455,0.01936332881450653
44.4607604,-93.1492649,-0.04065493494272232,0.03145156428217888
44.4607604,-93.1492649,-0.04065493494272232,0.03145156428217888
44.4607604,-93.1492649,-0.04065493494272232,0.03145156428217888
44.4607604,-93.1492649,-0.04065493494272232,0.03145156428217888
44.4607604,-93.1492649,-0.04065493494272232,0.03145156428217888
44.4607602,-93.1492653,-0.04065493494272232,0.03145156428217888
44.4607602,-93.1492653,-0.027163853868842125,0.03356118127703667
44.4607602,-93.1492653,-0.027163853868842125,0.03356118127703667
44.4607602,-93.1492653,-0.027163853868842125,0.03356118127703667
44.4607602,-93.1492653,-0.027163853868842125,0.03356118127703667
44.4607599,-93.1492659,-0.027163853868842125,0.03356118127703667
44.4607599,-93.1492659,-0.023990293964743614,0.0018361355178058147
44.4607599,-93.1492659,-0.023990293964743614,0.0018361355178058147
44.4607599,-93.1492659,-0.023990293964743614,0.0018361355178058147
44.4607599,-93.1492659,-0.023990293964743614,0.0018361355178058147
44.4607595,-93.1492666,-0.021739672869443893,-0.008904575370252132
44.4607595,-93.1492666,-0.021739672869443893,-0.008904575370252132
44.4607595,-93.1492666,-0.021739672869443893,-0.008904575370252132
44.4607595,-93.1492666,-0.021739672869443893,-0.008904575370252132
44.4607595,-93.1492666,-0.021739672869443893,-0.008904575370252132
44.4607595,-93.1492666,-0.021739672869443893,-0.008904575370252132
44.4607595,-93.1492666,-0.021739672869443893,-0.008904575370252132
44.4607592,-93.1492673,-0.037168532609939575,0.017047589644789696
44.4607592,-93.1492673,-0.037168532609939575,0.017047589644789696
44.4607592,-93.1492673,-0.037168532609939575,0.017047589644789696
44.4607587,-93.1492683,-0.037168532609939575,0.017047589644789696
44.4607587,-93.1492683,-0.04575653374195099,0.20847566425800323
44.4607587,-93.1492683,-0.04575653374195099,0.20847566425800323
44.4607587,-93.1492683,-0.04575653374195099,0.20847566425800323
44.4607587,-93.1492683,-0.04575653374195099,0.20847566425800323
44.4607574,-93.1492703,-0.056880198419094086,0.25032365322113037
44.4607574,-93.1492703,-0.056880198419094086,0.25032365322113037
44.4607574,-93.1492703,-0.056880198419094086,0.25032365322113037
44.4607574,-93.1492703,-0.056880198419094086,0.25032365322113037
44.4607548,-93.1492737,-0.056880198419094086,0.25032365322113037
44.4607548,-93.1492737,-0.056880198419094086,0.25032365322113037
44.4607548,-93.1492737,-0.05298279598355293,0.19551710784435272
44.4607548,-93.1492737,-0.05298279598355293,0.19551710784435272
44.4607548,-93.1492737,-0.05298279598355293,0.19551710784435272
44.4607548,-93.1492737,-0.05298279598355293,0.19551710784435272
44.4607513,-93.1492782,-0.056804921478033066,0.09753343462944031
44.4607513,-93.1492782,-0.056804921478033066,0.09753343462944031
44.4607513,-93.1492782,-0.056804921478033066,0.09753343462944031
44.4607513,-93.1492782,-0.056804921478033066,0.09753343462944031
44.4607476,-93.1492827,-0.056804921478033066,0.09753343462944031
44.4607476,-93.1492827,-0.056804921478033066,0.09753343462944031
44.4607476,-93.1492827,-0.05008599907159805,-0.10019184648990631
44.4607476,-93.1492827,-0.05008599907159805,-0.10019184648990631
44.4607476,-93.1492827,-0.05008599907159805,-0.10019184648990631
44.4607441,-93.1492871,-0.05612275004386902,-0.22085924446582794
44.4607441,-93.1492871,-0.05612275004386902,-0.22085924446582794
44.4607441,-93.1492871,-0.05612275004386902,-0.22085924446582794
44.4607441,-93.1492871,-0.05612275004386902,-0.22085924446582794
44.4607417,-93.1492899,-0.05612275004386902,-0.22085924446582794
44.4607417,-93.1492899,-0.05612275004386902,-0.22085924446582794
44.4607417,-93.1492899,-0.057087451219558716,-0.19417370855808258
44.4607417,-93.1492899,-0.057087451219558716,-0.19417370855808258
44.4607417,-93.1492899,-0.057087451219558716,-0.19417370855808258
44.4607417,-93.1492899,-0.057087451219558716,-0.19417370855808258
44.46074,-93.1492917,-0.04897153005003929,-0.1460588425397873
44.46074,-93.1492917,-0.04897153005003929,-0.1460588425397873
44.46074,-93.1492917,-0.04897153005003929,-0.1460588425397873
44.460739,-93.1492923,-0.04897153005003929,-0.1460588425397873
44.460739,-93.1492923,-0.04897153005003929,-0.1460588425397873
44.460739,-93.1492923,-0.03483186662197113,-0.09806425124406815
44.460739,-93.1492923,-0.03483186662197113,-0.09806425124406815
44.460739,-93.1492923,-0.03483186662197113,-0.09806425124406815
44.460739,-93.1492923,-0.03483186662197113,-0.09806425124406815
44.4607385,-93.1492922,-0.02868764102458954,-0.04083404317498207
44.4607385,-93.1492922,-0.02868764102458954,-0.04083404317498207
44.4607385,-93.1492922,-0.02868764102458954,-0.04083404317498207
44.4607385,-93.1492922,-0.02868764102458954,-0.04083404317498207
44.4607385,-93.1492917,-0.02868764102458954,-0.04083404317498207
44.4607385,-93.1492917,-0.02868764102458954,-0.04083404317498207
44.4607385,-93.1492917,-0.027311300858855247,0.18316037952899933
44.4607385,-93.1492917,-0.027311300858855247,0.18316037952899933
44.4607385,-93.1492917,-0.027311300858855247,0.18316037952899933
44.4607385,-93.1492917,-0.027311300858855247,0.18316037952899933
44.4607378,-93.1492921,-0.030561232939362526,0.22739826142787933
44.4607378,-93.1492921,-0.030561232939362526,0.22739826142787933
44.4607378,-93.1492921,-0.030561232939362526,0.22739826142787933
44.4607378,-93.1492921,-0.030561232939362526,0.22739826142787933
44.4607378,-93.1492921,-0.030561232939362526,0.22739826142787933
44.4607378,-93.1492921,-0.030561232939362526,0.22739826142787933
44.4607362,-93.1492937,-0.030561232939362526,0.22739826142787933
44.4607362,-93.1492937,-0.038342639803886414,-0.03652939945459366
44.4607362,-93.1492937,-0.038342639803886414,-0.03652939945459366
44.4607362,-93.1492937,-0.038342639803886414,-0.03652939945459366
44.4607348,-93.1492953,-0.045060042291879654,-0.09110206365585327
44.4607348,-93.1492953,-0.045060042291879654,-0.09110206365585327
44.4607348,-93.1492953,-0.045060042291879654,-0.09110206365585327
44.4607348,-93.1492953,-0.045060042291879654,-0.09110206365585327
44.4607348,-93.1492953,-0.045060042291879654,-0.09110206365585327
44.4607339,-93.1492961,-0.04133692383766174,-0.037654977291822433
44.4607339,-93.1492961,-0.04133692383766174,-0.037654977291822433
44.4607339,-93.1492961,-0.04133692383766174,-0.037654977291822433
44.4607339,-93.1492961,-0.04133692383766174,-0.037654977291822433
44.460733,-93.1492968,-0.04133692383766174,-0.037654977291822433
44.460733,-93.1492968,-0.04133692383766174,-0.037654977291822433
44.460733,-93.1492968,-0.034460101276636124,-0.0781530886888504
44.460733,-93.1492968,-0.034460101276636124,-0.0781530886888504
44.460733,-93.1492968,-0.034460101276636124,-0.0781530886888504
44.460733,-93.1492968,-0.034460101276636124,-0.0781530886888504
44.4607325,-93.149297,-0.028591372072696686,-0.05313676595687866
44.4607325,-93.149297,-0.028591372072696686,-0.05313676595687866
44.4607325,-93.149297,-0.028591372072696686,-0.05313676595687866
44.4607325,-93.149297,-0.028591372072696686,-0.05313676595687866
44.4607325,-93.149297,-0.028591372072696686,-0.05313676595687866
44.4607323,-93.1492968,-0.019940227270126343,-0.013269434683024883
44.4607323,-93.1492968,-0.019940227270126343,-0.013269434683024883
44.4607323,-93.1492968,-0.019940227270126343,-0.013269434683024883
44.4607323,-93.1492968,-0.019940227270126343,-0.013269434683024883
44.4607324,-93.1492966,-0.021976016461849213,0.014145754277706146
44.4607324,-93.1492966,-0.021976016461849213,0.014145754277706146
44.4607324,-93.1492966,-0.021976016461849213,0.014145754277706146
44.4607324,-93.1492966,-0.021976016461849213,0.014145754277706146
44.4607324,-93.1492966,-0.021976016461849213,0.014145754277706146
44.4607325,-93.1492964,-0.03415077179670334,0.020890291780233383
44.4607325,-93.1492964,-0.03415077179670334,0.020890291780233383
44.4607325,-93.1492964,-0.03415077179670334,0.020890291780233383
44.4607325,-93.1492964,-0.03415077179670334,0.020890291780233383
44.4607325,-93.1492964,-0.03415077179670334,0.020890291780233383
44.4607325,-93.1492963,-0.034777842462062836,0.015512432903051376
44.4607325,-93.1492963,-0.034777842462062836,0.015512432903051376
44.4607325,-93.1492963,-0.034777842462062836,0.015512432903051376
44.4607325,-93.1492963,-0.034777842462062836,0.015512432903051376
44.4607325,-93.1492963,-0.034777842462062836,0.015512432903051376
44.4607325,-93.1492963,-0.034777842462062836,0.015512432903051376
44.4607325,-93.1492962,-0.034883975982666016,0.01329496968537569
44.4607325,-93.1492962,-0.034883975982666016,0.01329496968537569
44.4607325,-93.1492962,-0.034883975982666016,0.01329496968537569
44.4607325,-93.1492962,-0.030259059742093086,0.01291758194565773
44.4607325,-93.1492962,-0.030259059742093086,0.01291758194565773
44.4607325,-93.1492962,-0.030259059742093086,0.01291758194565773
44.4607325,-93.1492962,-0.030259059742093086,0.01291758194565773
44.4607325,-93.1492962,-0.030259059742093086,0.01291758194565773
44.4607325,-93.1492962,-0.030259059742093086,0.01291758194565773
44.4607325,-93.1492963,-0.024074219167232513,0.016227826476097107
44.4607325,-93.1492963,-0.024074219167232513,0.016227826476097107
44.4607325,-93.1492963,-0.024074219167232513,0.016227826476097107
44.4607325,-93.1492963,-0.024074219167232513,0.016227826476097107
44.4607324,-93.1492964,-0.027199693024158478,0.017221031710505486
44.4607324,-93.1492964,-0.027199693024158478,0.017221031710505486
44.4607324,-93.1492964,-0.027199693024158478,0.017221031710505486
44.4607324,-93.1492964,-0.027199693024158478,0.017221031710505486
44.4607324,-93.1492964,-0.027199693024158478,0.017221031710505486
44.4607323,-93.1492966,-0.029690830036997795,0.005253025330603123
44.4607323,-93.1492966,-0.029690830036997795,0.005253025330603123
44.4607323,-93.1492966,-0.029690830036997795,0.005253025330603123
44.4607323,-93.1492966,-0.029690830036997795,0.005253025330603123
44.4607321,-93.1492969,-0.029690830036997795,0.005253025330603123
44.4607321,-93.1492969,-0.029690830036997795,0.005253025330603123
44.4607321,-93.1492969,-0.034454502165317535,-0.007030352018773556
44.4607321,-93.1492969,-0.034454502165317535,-0.007030352018773556
44.4607321,-93.1492969,-0.034454502165317535,-0.007030352018773556
44.4607321,-93.1492969,-0.034454502165317535,-0.007030352018773556
44.4607319,-93.1492971,-0.03869541361927986,-0.007501333951950073
44.4607319,-93.1492971,-0.03869541361927986,-0.007501333951950073
44.4607319,-93.1492971,-0.03869541361927986,-0.007501333951950073
44.4607318,-93.1492971,-0.03869541361927986,-0.007501333951950073
44.4607318,-93.1492971,-0.03869541361927986,-0.007501333951950073
44.4607318,-93.1492971,-0.032235682010650635,0.003340464551001787
44.4607318,-93.1492971,-0.032235682010650635,0.003340464551001787
44.4607318,-93.1492971,-0.032235682010650635,0.003340464551001787
44.4607318,-93.1492971,-0.032235682010650635,0.003340464551001787
44.4607316,-93.149297,-0.022711746394634247,0.004636097699403763
44.4607316,-93.149297,-0.022711746394634247,0.004636097699403763
44.4607316,-93.149297,-0.022711746394634247,0.004636097699403763
44.4607316,-93.149297,-0.022711746394634247,0.004636097699403763
44.4607315,-93.149297,-0.022711746394634247,0.004636097699403763
44.4607315,-93.149297,-0.022711746394634247,0.004636097699403763
44.4607315,-93.149297,-0.019503703340888023,0.0024514710530638695
44.4607315,-93.149297,-0.019503703340888023,0.0024514710530638695
